"project_id","author","code_smells","lines_edited","commits","sonar_smells","mean","std","cv"
org.apache:hive,Raghotham Murthy,0.17371163867979156,0.23370595148940534,0.14929248344800727,0.15833595419102256,739.4325,370.87120184551037,0.5015619435790425
org.apache:validator,Benjamin Speakmon,7.9422382671480145,2.1929774084772875,3.468586387434555,4.43010752688172,95.82,68.31573269264798,0.7129590136991024
org.apache:commons-io,Nicola Ken Barozzi,23.50877192982456,4.411170967481457,0.4508566275924256,16.69238683127572,0.018,0.013038404810405298,0.7243558228002944
org.apache:hive,Gopal Vijayaraghavan,0.030110017371163866,0.08719924365572575,0.29209398935479686,0.16007114273010226,1131.876,889.6389701052896,0.7859862477031845
org.apache:hive,Dhruba Borthakur,2.594093804284887,0.4721232110479025,0.22069323640140204,2.004142762637053,660.4875,556.2764473637785,0.8422210070043393
org.apache:hive,Eric N. Hanson,0.24088013896931093,0.07376870764501836,0.11683759574191874,0.1685301868581158,195.0914285714286,170.00868766316734,0.8714308409552819
org.apache:commons-io,Sebastian Bazley,3.508771929824561,5.105030626723114,10.610159302675083,5.426954732510288,7343.1900000000005,6483.027106540071,0.8828625034269943
org.apache:batik,billh,1.0160880609652836,0.9104458765593525,2.027123483226267,2.103871981711673,341.46000000000004,306.0434220825535,0.8962789846030383
org.apache:cocoon,Christian Haul,1.0287118071549208,0.2947149299225987,0.6459211976138911,0.45861071884876603,1002.8633333333333,924.9414349027727,0.9223005809061116
org.apache:cocoon,Pier Fumagalli,32.28926761860894,9.315283420633083,0.27356662487176564,18.0754488601977,2599.445,2442.665959158149,0.9396874945067691
org.apache:batik,Christophe Jolif,1.947502116850127,1.474296867900971,4.025695931477516,1.510930132876125,493.6025,471.6439351442286,0.9555136676662468
org.apache:hive,Ning Zhang,0.9959467284308049,0.8354893748512047,0.7659353498636895,1.5885651075274647,1315.4718181818182,1279.1033307267883,0.9723532751121216
org.apache:dbcp,Mark Thomas,17.56756756756757,18.983913432346977,17.102040816326532,26.795332136445243,9647.284285714284,9385.952952914722,0.972911409567712
org.apache:cocoon,Joerg Heinicke,0.41455550437586364,0.9550966541506085,2.982636118393556,0.6092394593504136,3420.7419999999997,3335.3196927985778,0.9750281350650175
org.apache:hive,Vikram Dixit K,0.2246670526925304,0.17601767301147195,0.31156692197844993,0.3262154453469835,1295.9516666666666,1290.4042383751948,0.9957194172945196
org.apache:hive,Kevin Wilfong,1.605095541401274,0.4597129361341973,0.5582240685447228,0.8465551085035083,964.5022222222223,970.724186777297,1.0064509592738307
org.apache:santuario,Berin Lautenbach,1.3520540821632865,23.746788327509915,20.132358063392545,3.0445438237449154,1055.9014285714286,1077.1958272048862,1.0201670326957202
org.apache:cocoon,Jeremy Quinn,0.2917242438200522,0.2471590608808388,0.3875527185683347,0.5433393853809427,1456.0359999999998,1501.6491270366723,1.0313269225738049
org.apache:hive,Navis Ryu,0.2779386218876665,0.23017159990764025,0.8243541477346489,0.473272674033988,1245.992,1317.9547924281942,1.0577554209242068
org.apache:commons-io,Stephen Colebourne,10.175438596491228,7.743196945402531,7.123534715960325,16.358024691358025,2975.133,3177.6926455319394,1.0680842320433874
org.apache:hive,John Sichi,1.753329473074696,0.8072528655147188,1.174866934960405,0.8051274821329805,625.357894736842,672.1459269598046,1.074818008402455
org.apache:cocoon,Marc Portier,0.15353907569476433,0.07577495681644633,0.41034993730764846,0.17483693093941227,1296.1075,1403.443050890084,1.0828137719209894
org.apache:cocoon,Antonio Gallardo Rivera,0.2303086135421465,1.6745368343477371,4.544245602036551,0.6092394593504136,2524.9759999999997,2737.7793712021426,1.0842793639235158
org.apache:codec,Timothy O'Brien,22.794117647058822,8.846685593068294,4.188235294117647,11.700615821885362,1079.932,1184.2019172717125,1.0965522989148506
org.apache:validator,David Graham,11.191335740072201,13.797171168475446,13.023560209424083,10.924731182795698,1978.6375,2170.8010665568336,1.0971191370611513
org.apache:commons-jexl,Geir Magnusson Jr,13.390928725701944,6.948868123190313,2.8877005347593583,2.5651288022121963,1701.0883333333331,1878.7657833739322,1.1044492790638536
org.apache:hive,Harish Butani,2.4620729588882457,0.24612319064268057,0.4348954952615864,1.8210803717641444,1184.85,1317.002519253475,1.1115352316778284
org.apache:hive,Vaibhav Gumashta,0.03705848291835553,0.5477444064185357,0.9022458782292613,0.16809638972334587,888.4525,994.442749529437,1.119297598385324
org.apache:hive,Zheng Shao,3.349160393746381,2.042440842005814,1.9602752174477476,1.8228155603032241,394.42117647058825,444.7185472194725,1.1275219834770582
org.apache:hive,Eugene Koifman,0.050955414012738856,0.33305779319474704,1.687654160716604,0.10931687796202107,593.5325,670.9358186083573,1.1304112556740487
org.apache:archiva,James William Dumay,1.1903094804649208,18.362873060861816,1.2712354096845024,7.719385089239061,912.366,1032.787293628267,1.131987923298618
org.apache:net,Steven M. Cohen,3.8766038766038764,4.533345818020085,4.317718940936864,5.137952882898451,2633.2000000000003,2990.0551173961103,1.1355214633890742
org.apache:hive,Jitendra Nath Pandey,0.09727851766068327,0.05715203203104491,0.1752563936128781,0.16874708542550076,237.7425,270.3732092713083,1.1372523182489809
org.apache:batik,Thomas E. DeWeese,9.864521591871295,13.805970589588936,16.616702355460387,15.916559508501214,340.08024390243907,390.9533070552532,1.1495913510559832
org.apache:collections,Phil Steitz,3.4354688950789227,0.927244565951829,1.2143462298785654,3.766859344894027,257.6709090909091,301.11190775040916,1.168591009411053
org.apache:cayenne,Tore Halset,0.3685277317118113,0.5333653495080802,1.1852776044915783,0.8967499009116131,1241.0040000000001,1457.620811332632,1.174549647972635
org.apache:collections,Henri Yandell,1.5784586815227484,8.937203089429204,8.641626659135838,3.3911368015414256,12039.4,14298.576270948097,1.1876485764197633
org.apache:cocoon,Bertrand Delacretaz,0.5834484876401044,3.180878312667315,1.3830312701850374,0.7719722950709434,1748.92,2083.1312460452414,1.1910957882837645
org.apache:cocoon,Vadim Gritsenko,2.134193152157224,4.238832076176082,9.582430943424901,1.542599690673122,1912.695,2296.3452267587495,1.2005809743627445
org.apache:commons-io,Jeremias Maerki,5.964912280701754,3.5537957526329755,2.584911331529907,5.529835390946502,759.914,916.3754884489217,1.2058936780332008
org.apache:santuario,Raul Benito Garcia,9.360374414976599,10.402483072779292,10.27516544757924,9.42671618787741,3736.791,4515.52532021703,1.2083965413685243
org.apache:hive,Carl Steinbach,1.0260567458019687,0.5879350329768931,1.2462676879137997,1.362123003177564,1180.9195833333333,1437.5877321446724,1.217346000890977
org.apache:hive,Szehon Ho,1.0237405906195716,0.1714700245722747,1.2332857328313644,1.8781246949863897,306.9041176470588,374.5115904591409,1.2202885817577431
org.apache:cocoon,Guido Casper,0.2303086135421465,0.1937763987700848,0.3875527185683347,0.2299778091587654,1329.572,1629.0653279933251,1.2252554415957355
org.apache:hive,Prasad Suresh Mujumdar,0.10191082802547771,0.010355824240560993,0.12981955082435415,0.11430554501187519,1993.6475,2449.066784489894,1.2284352095793734
org.apache:felix,Richard S. Hall,49.61139896373057,10.530715304346828,10.354446997046274,29.595505134221685,435.46761904761905,536.8161513023315,1.232734944739094
org.apache:commons-jexl,Rahul Akolkar,3.023758099352052,4.557120294814425,5.18716577540107,1.2370833939746761,113.226,140.43781908730995,1.2403318945057669
org.apache:configuration,David Eric Pugh,22.01722017220172,4.7395448588109135,3.1240789861479517,8.0585030111844,621.02625,772.193407359609,1.2434150848850736
org.apache:cocoon,Gianugo Rabellino,0.3838476892369108,0.11193482660893878,0.30396291652418406,0.26629009481541255,241.868,303.0622895049795,1.2530069686977174
org.apache:cocoon,Sylvain Wallez,1.8271150007676953,1.169009241773452,2.2341274364527526,1.2198238181695917,860.6993333333334,1093.0132953916839,1.2699130266066785
org.apache:collections,James Strachan,5.478180129990715,1.036809114439859,0.6495340299350466,2.3699421965317917,962.9289999999999,1226.9006458140318,1.2741340699200376
org.apache:zookeeper,Rakesh Radhakrishnan,1.5197568389057752,0.6381430346636275,2.0330368487928845,2.2168568920105356,5270.8975,6734.229091298548,1.277624748213857
org.apache:beanutils,Craig R. McClanahan,32.589285714285715,14.359582293179693,9.857142857142858,43.21461187214612,1212.1864705882351,1549.8264333948057,1.2785379733224747
org.apache:beanutils,Robert Burrell Donkin,32.8125,17.136741935353356,9.071428571428571,21.333333333333332,1062.8000000000002,1363.4587231699518,1.2828930402427094
org.apache:vfs,Mario Ivankovits,21.25506072874494,15.19742871786844,14.098360655737705,35.678258561189274,696.118125,904.1170097462496,1.2987982603473363
org.apache:vfs,Ralph Goers,19.635627530364374,9.991743821121174,5.573770491803279,7.300238916910008,3238.4739999999997,4263.905874234327,1.3166404529523248
org.apache:validator,Niall Kegan Pemberton,22.021660649819495,28.939706068522632,15.968586387434556,19.053763440860216,2639.3614285714284,3480.6365791400317,1.318741928051873
org.apache:hive,Sushanth Sowmyan,1.6491024898668212,0.5291568510062578,1.2267947552901466,3.001225476905725,867.8405555555555,1146.304792249848,1.3208702738212452
org.apache:archiva,Maria Odea B. Ching,6.7357512953367875,4.581105384047342,6.529527331561308,7.833512086461513,978.8320000000001,1310.7535900191851,1.3390996514408857
org.apache:bcel,Emmanuel Bourg,1.2455516014234875,1.753139790824474,5.405405405405405,1.433776001880362,1932.555,2611.21684422544,1.3511733659458283
org.apache:ognl,Maurizio Cucchiara,11.32596685082873,15.884959804978406,29.470672389127326,7.255864702673214,116.48375000000001,158.45813434807135,1.3603454073900552
org.apache:commons-cli,Oliver Heger,1.1788384128809661,0.714152678509068,0.9950248756218906,1.4740775892751217,47.9575,65.40667365287226,1.3638466069514101
org.apache:configuration,Ralph Goers,6.027060270602706,1.9424520433694745,1.5915119363395225,6.9113851448236305,1084.6542857142856,1483.0478595767697,1.3673000504489106
org.apache:httpcore,Roland Weber,2.201524132091448,3.398185536735015,4.0793517742386145,5.495495495495495,707.4127272727272,971.8096444375401,1.3737519936687264
org.apache:commons-io,Henri Yandell,27.017543859649123,12.676060399820047,7.363991584009618,11.831275720164609,1414.2425,1955.0281607707511,1.3823853835327047
org.apache:felix,Manuel L. Santillan,3.238341968911917,0.14543817505301282,0.13784049885132918,1.9309840053387295,109.14999999999999,151.12551855990435,1.384567279522715
org.apache:thrift,Bryan Duxbury,35.38306451612903,5.272343308519415,8.410028562361155,28.552308721838056,911.0419230769231,1263.0257243081608,1.3863530231874062
org.apache:beanutils,Niall Pemberton,19.196428571428573,17.765082396352145,21.0,19.671232876712327,2541.8809090909094,3529.7609240326333,1.3886413448437418
org.apache:hive,Edward Capriolo,1.9525188187608569,0.09176430269384796,0.32454887706088537,0.44767864308256244,2035.104,2828.5022871353667,1.3898563843102696
org.apache:cocoon,Unico Hommes,0.5066789497927222,0.67965632934953,2.728067175804552,0.8176988770089436,505.26785714285717,702.4726679619048,1.390297558079755
org.apache:hive,Thejas Nair,1.206716850028952,0.8994768080201855,2.2328962741788914,1.8802936806602393,268.36291666666665,374.4851408065867,1.3954429526182799
org.apache:hive,Prasanth J,1.44991314418066,0.4529123561941113,0.8048812151109958,1.8954765803771867,264.43260869565216,370.76808318822043,1.402126935165378
org.apache:net,Sebastian Bazley,12.257712257712258,16.578337507900464,53.116089613034625,16.47658545014688,2410.267631578947,3400.7255007038543,1.410932734667339
org.apache:cocoon,Ugo Cei,0.30707815138952865,0.36434333063577684,0.6915156350925187,0.15869813731423577,1741.1525,2458.7917326765537,1.4121633416237542
org.apache:batik,Stephane Hillion,53.852667231160034,19.00126506543055,11.734475374732334,45.46720960137162,250.94736842105263,355.6443688600731,1.4172070067830094
org.apache:commons-jexl,Niall Pemberton,28.72570194384449,0.6129902605948934,2.3529411764705883,33.070149905399504,562.52625,803.1807206518255,1.4278102055714297
org.apache:digester,Robert Burrell Donkin,8.88529886914378,13.150223461809873,7.084095063985375,25.181665735047513,740.9633333333334,1065.2199572902884,1.437614939052704
org.apache:hive,Jason Dere,0.5280833815865663,0.9425436655209448,2.213423341555238,0.8207441789846978,328.9852941176471,474.15748289884715,1.4412725777623532
org.apache:cayenne,Andrus Adamchik,99.33665008291874,52.17616790510055,52.29257641921397,98.14209274673009,190.9003125,275.8366647933977,1.4449251611015443
org.apache:dbcp,Phil Steitz,14.864864864864865,9.12663920486754,15.10204081632653,19.61400359066427,11036.764285714284,16025.974988813065,1.452053751800851
org.apache:hive,Namit Jain,4.1343370005790385,4.005785333095575,4.770868492795015,3.325271936578859,407.5420689655173,597.5827617959454,1.4663093881640665
org.apache:cocoon,Par Daniel Fagerstrohm,4.17626285889759,3.183427534635,3.297997644287397,3.1995158361912446,574.8471739130435,860.6101084402934,1.4971111410047167
org.apache:httpclient,Oleg Kalnichevski,76.7080745341615,87.64945779539515,61.5995115995116,77.65199161425576,498.476,758.2233190841698,1.5210828988440162
org.apache:commons-jexl,Henri Biestro,14.146868250539956,46.78204790734404,28.663101604278076,6.818512589142774,2696.1907692307695,4106.521490865887,1.5230826904868786
org.apache:felix,Karl Pauls,6.476683937823834,15.868515464720286,9.691499835904168,3.285040793920737,689.5483333333333,1051.5825008322774,1.5250308789071265
org.apache:dbcp,Dirk Verbeeck,28.37837837837838,7.9236108486703705,9.63265306122449,18.806104129263915,1504.3866666666665,2314.152320629522,1.5382696296804381
org.apache:hive,Ashish Thusoo,0.7064273306311523,0.15563334379013904,0.33103985460210306,0.12905464759405263,442.4525,692.191543065694,1.5644426081120437
org.apache:commons-cli,Henri Yandell,39.994249568717656,48.35983516867274,21.492537313432837,43.252461739233595,1354.9494444444445,2130.7241097569795,1.5725487902839193
org.apache:hive,Alan Gates,6.6821077012159815,11.597697887039269,1.5123977671037259,5.080848940992745,1231.1415384615384,1945.5123553700282,1.580250762882376
org.apache:digester,Craig R. McClanahan,6.623586429725363,8.01732249067509,4.5246800731261425,14.36556735606484,2868.6311111111113,4535.146372355153,1.5809444284380463
org.apache:batik,Vincent Hardy,22.31160033869602,32.46795737956801,26.523911491791576,21.581654522074583,276.3265306122449,438.6472326347554,1.5874235154433542
org.apache:hive,Brock Noland,3.189345686160973,1.7291614891898113,2.979358691418928,5.465410100966283,179.4165789473684,285.3644078836865,1.590513037077793
org.apache:collections,Thomas Neidhart,12.627669452181987,31.10198650713625,18.723524428127647,11.396917148362235,1079.0925925925926,1752.195470267982,1.6237674897371082
org.apache:cocoon,Reinhard Pötz,11.715031475510518,11.66437814039498,7.637068277670124,23.6890592428216,820.0236666666666,1333.7663563744725,1.6264973934180833
org.apache:bcel,David Brosius,5.160142348754448,1.8513256894592223,10.868315123634273,3.126101774591609,16490.881666666664,26824.87364431558,1.6266488467100708
org.apache:jxpath,Dmitri Plotnikov,94.70198675496688,73.02992965226733,37.89649415692821,59.485965505579976,1174.29,1920.253153445084,1.6352461090915227
org.apache:collections,Michael Smith,3.5283194057567315,2.037859021403549,2.0333239197966675,4.007707129094412,508.28599999999994,831.536198237936,1.6359612466956321
org.apache:cocoon,Leszek Gawron,1.7196376477813604,0.6247636751324819,1.656597895056803,0.8082845807275906,3695.355,6065.344448858614,1.6413428341414056
org.apache:felix,Timothy Bennett,1.6839378238341969,0.041369884638762934,0.09517558254020347,0.2690891869201128,0.5425,0.8919781387455635,1.6441993340932046
org.apache:commons-jelly,Bob McWhirter,5.389221556886228,1.5522656326154094,2.521873391662378,8.832919474991131,932.5620000000001,1538.980406330763,1.6502714096550821
org.apache:cocoon,Upayavira,0.7062797481959159,1.332736797628282,0.8662943120939245,0.4760944119427073,1383.0571428571432,2310.502971452423,1.6705766521543328
org.apache:hive,Amareshwari Sri Ramadasu,0.20845396641574984,0.16982646403375928,0.1817473711540958,0.5123144161632812,5996.544,10082.513159308546,1.681387338992017
org.apache:cocoon,Carsten Ziegeler,29.47950253339475,24.734043757972426,20.730270906949354,27.322977607423844,201.95868263473054,341.37819015207623,1.6903367842297954
org.apache:batik,Thierry Kormann,8.679085520745131,8.553765870847677,15.132048536759457,9.42634662094585,426.01,725.2602970704149,1.702448996667719
org.apache:santuario,Christian Geuer-Pollmann,35.881435257410295,16.92396249014777,9.857192615813306,20.44771217059552,190.7195652173913,325.5333127445998,1.7068689957086538
org.apache:codec,Gary D. Gregory,47.05882352941177,52.35770899074436,52.32941176470588,62.5769777356703,6459.092941176471,11077.825358543278,1.715074463152955
org.apache:archiva,Jason van Zyl,0.980254866265229,0.47068372370124184,1.5023691205362302,0.2681296922696147,1661.525,2862.699620014879,1.7229350265658832
org.apache:commons-jelly,James Strachan,81.73652694610779,37.95169408313144,30.725681935151826,72.93366442000709,117.76742857142858,203.48849390742518,1.7278843257072973
org.apache:cocoon,Stephan Michels,1.3050821434054967,1.2844170502268675,1.8161784262319998,1.2521014054199449,594.4483333333333,1032.8315057517996,1.7374621945026896
org.apache:cocoon,Giacomo Pati,1.136189160141256,0.7775127001439023,1.9149663741023595,1.061125680855356,2187.6133333333332,3816.627720796399,1.744653711257504
org.apache:hive,Yongqiang He,1.0422698320787493,1.2094063616030273,0.8568090354407374,0.5149171989719008,1546.3075000000001,2709.0686315226494,1.75195983432962
org.apache:collections,pjack,4.2711234911792015,1.7271489308620671,1.1013837898898615,3.3429672447013488,19.255000000000003,34.21250697235345,1.776811579971615
org.apache:validator,David Winterfeldt,32.49097472924188,7.268877098894016,2.6178010471204187,23.827956989247312,343.4816666666666,610.5081694266397,1.7774112235780846
org.apache:felix,Stephane Frenot,11.139896373056995,0.7346797924123227,0.42336724647193963,6.012528792543001,197.835,351.7551022677973,1.7780226060494722
org.apache:net,Rory Winston,24.597324597324597,24.633067253446946,13.64562118126273,31.389320891653707,1614.8956666666666,2924.1682657734377,1.8107474842689144
org.apache:httpclient,Roland Weber,21.816770186335404,4.13882333308267,7.631257631257632,13.49056603773585,223.3660465116279,416.4742029919828,1.8645367525466865
org.apache:configuration,Emmanuel Bourg,10.947109471094711,5.391993327773144,6.719717064544651,17.78032692859191,2587.389,4918.972752619189,1.9011338274295781
org.apache:hive,Gunther Hagleitner,7.909669947886508,4.58585773959796,3.0961962871608466,9.59082085262827,189.64753424657536,364.7839599177575,1.9234838004456931
org.apache:net,Jeffrey Brekke,2.9484029484029484,31.513378122147053,3.788187372708758,23.8379125626404,1096.136,2120.662521982222,1.934670991539574
org.apache:archiva,Jesse McConnell,4.77524156280633,0.6938878753540552,1.225008667514157,3.3399334488353545,642.935,1247.0543793275415,1.9396274574063344
org.apache:cocoon,Jean-Baptiste Quenot,1.9806540764624596,0.7667206977371525,0.4027508643945439,2.3307107793692423,1246.3939999999998,2425.705623984493,1.9461788358933798
org.apache:cocoon,Jorg Heymans,2.1188392445877477,5.493830927249735,1.8237774991451043,7.913388474211553,28.41,55.82113279634037,1.9648409995191964
org.apache:digester,Simon Kitching,8.40064620355412,6.714775362075339,8.912248628884827,13.694801565120178,1582.4341666666667,3122.6890476390217,1.9733453140845911
org.apache:cocoon,Christopher Oliver,0.9365883617380624,1.4240469085265435,2.044150613625138,2.3858516575885953,442.8085,877.3308058704029,1.9812871836706
org.apache:felix,Francesco Furfari,8.678756476683938,0.34172439550928785,0.31834591401378404,2.904010505241857,170.2125,339.79175459635076,1.9962796774405567
org.apache:codec,Sebastian Bazley,11.764705882352942,11.094635526051945,13.741176470588234,13.59545239223117,11643.4,23274.11370331854,1.9989104302281586
org.apache:commons-fileupload,Sean Sullivan,17.647058823529413,4.816531185899871,2.8802880288028803,21.73913043478261,4639.302500000001,9275.898519296752,1.9994166190492537
org.apache:santuario,Sean Mullan,10.244409776391056,2.5827587490923536,7.140369209334726,51.38330933070568,8662.085384615384,17456.472703554984,2.0152736816193473
org.apache:hive,Xuefu Zhang,10.068326577880718,3.196088019491792,3.083214332078411,11.042306065568438,156.38901408450707,315.7048401237863,2.0187149460075924
org.apache:vfs,adammurdoch,19.23076923076923,10.129346802434942,7.80327868852459,15.821608707194054,200.89,426.1074986879429,2.1210986046490263
org.apache:bcel,Torsten Curdt,16.370106761565836,12.966472932341643,4.6578493387004025,10.036432013162534,2457.27,5257.6956215855635,2.1396491315913853
org.apache:collections,Morgan James Delagrange,3.2497678737233056,1.0449173068327113,3.7560011296244,2.842003853564547,143.77625,313.13788842879245,2.177952815077542
org.apache:hive,Ashutosh Chauhan,35.53676896352056,11.035443487476678,10.301181357912501,33.529698836339186,166.42017647058825,378.2795521418089,2.27303900382934
org.apache:commons-io,Niall Pemberton,20.350877192982455,10.551223338601206,10.279531109107303,20.344650205761315,1758.5428571428572,4059.970600663437,2.3087129120411425
org.apache:commons-jexl,Dion Gillard,18.682505399568033,16.481968939194523,22.67379679144385,26.18250618541697,1682.236153846154,3901.7818428989126,2.3194019662329426
org.apache:hive,Sergey Shelukhin,1.3572669368847712,1.5731764513013884,4.0438790081786316,2.6003969243783143,259.9011764705882,604.1726664384124,2.324624592481534
org.apache:santuario,Colm O hEigeartaigh,40.82163286531461,19.926216867021243,21.699756182514804,12.822456353116552,837.2769072164948,1961.427240012019,2.342626702237295
org.apache:archiva,Brett Porter,32.47444335527237,17.650963928763687,16.687853923494743,26.481588427797487,489.5457142857143,1171.711957458585,2.3934679096684666
org.apache:commons-cli,Emmanuel Bourg,12.535940195514664,7.96859357902824,14.427860696517413,16.054692134298257,675.8284615384616,1699.4649902241104,2.5146395674953284
org.apache:collections,Rodney Waldhoff,19.87000928505107,7.437083545567002,4.236091499576391,22.10019267822736,628.9724137931034,1588.2604495387288,2.525167105438709
org.apache:santuario,Marc Giger,1.1960478419136766,2.0125705171568473,2.995471960989202,1.6574446044619622,2842.7450000000003,7198.7951379221395,2.5323393895414954
org.apache:vfs,Gary D. Gregory,22.267206477732792,18.282765289711083,26.78688524590164,25.82957260419432,6109.05238095238,15685.187601198433,2.567532020203953
org.apache:cocoon,Bruno Dumon,2.3184400429909413,0.4392389391079695,1.759185379383715,1.6353977540178872,1580.9093750000002,4080.7407174130676,2.5812616345659074
org.apache:configuration,Oliver Heger,60.02460024600246,67.26653163350412,66.84350132625995,36.01950100372813,1070.2064077669904,2935.636778948547,2.743056626874267
org.apache:archiva,Edwin L. Punzalan,3.2768519815151937,1.8468776898694594,2.0224199699526175,2.206913620988367,210.48589743589744,587.0817070979489,2.789173594286724
org.apache:commons-jelly,Dion Gillard,10.479041916167665,34.4001940034854,37.26196603190942,11.387016672578929,1406.4384615384615,3939.984288001341,2.8013911704970784
org.apache:felix,Alex Karasulu,5.829015544041451,0.13483242164986375,0.16737774860518542,0.7254644479366241,492.2875,1380.9342835377793,2.805137817916927
org.apache:archiva,Olivier Lamy,13.247444335527238,29.598871841531537,47.925574945105744,20.585485245991805,111.52298245614034,319.08020519906074,2.861116141011996
org.apache:collections,Stephen Colebourne,37.140204271123494,30.408424203993803,25.896639367410337,36.358381502890175,428.90236842105264,1230.6652580734465,2.869336587261054
org.apache:archiva,Joakim Erdfelt,29.351631424170286,12.101389721490511,4.784467814630764,29.64414377251602,204.85149253731342,592.1003919311415,2.890388469214064
org.apache:net,Niall Pemberton,12.912912912912914,1.3979727989887403,2.8920570264765786,12.61160071424457,1055.0657894736842,3074.187764605141,2.9137403518113207
org.apache:bcel,Sebastian Bazley,2.491103202846975,10.142639294500151,23.749281196089708,13.914678575625809,5161.096666666667,15226.807068731614,2.950304567452708
org.apache:hive,Owen O'Malley,5.795020266357846,1.1700235868347877,0.6555887316629885,5.693370495287879,3137.2794444444444,9408.646175160924,2.998982507542303
org.apache:commons-cli,John Keyes,10.149511213341,13.249947617162945,11.044776119402986,16.18815992407166,1777.0356250000002,6072.534483164855,3.417227205653153
org.apache:digester,Simone Tripodi,54.281098546042,54.39866931012467,60.60329067641682,28.53549468977082,199.15114285714284,804.6966650380209,4.040632925793724
org.apache:httpcore,Oleg Kalnichevski,97.0364098221846,88.64041590587293,69.93573623917295,92.39864864864865,552.9945595854922,3073.2956019727653,5.557551242956918
