project_id,author,code_smells,lines_edited,commits,sonar_smells,mean,std,cv
org.apache:archiva,Wendy Smoak,"5,363394483","0,3524568671","0,808967988","0,874515304","616,1966667","205,2775463","0,3331364116"
org.apache:archiva,Olivier Lamy,"13,24744434","29,59887184","47,92557495","20,58548525","111,5229825","319,0802052","2,861116141"
org.apache:archiva,Maria Odea B. Ching,"6,735751295","4,581105384","6,529527332","7,833512086","978,832","1310,75359","1,339099651"
org.apache:archiva,Joakim Erdfelt,"29,35163142","12,10138972","4,784467815","29,64414377","204,8514925","592,1003919","2,890388469"
org.apache:archiva,Jesse McConnell,"4,775241563","0,6938878754","1,225008668","3,339933449","642,935","1247,054379","1,939627457"
org.apache:archiva,Jason van Zyl,"0,9802548663","0,4706837237","1,502369121","0,2681296923","1661,525","2862,69962","1,722935027"
org.apache:archiva,James William Dumay,"1,19030948","18,36287306","1,27123541","7,719385089","912,366","1032,787294","1,131987923"
org.apache:archiva,Edwin L. Punzalan,"3,276851982","1,84687769","2,02241997","2,206913621","210,4858974","587,0817071","2,789173594"
org.apache:archiva,Brett Porter,"32,47444336","17,65096393","16,68785392","26,48158843","489,5457143","1171,711957","2,39346791"
org.apache:batik,billh,"1,016088061","0,9104458766","2,027123483","2,103871982","341,46","306,0434221","0,8962789846"
org.apache:batik,Vincent Hardy,"22,31160034","32,46795738","26,52391149","21,58165452","276,3265306","438,6472326","1,587423515"
org.apache:batik,Thomas E. DeWeese,"9,864521592","13,80597059","16,61670236","15,91655951","340,0802439","390,9533071","1,149591351"
org.apache:batik,Thierry Kormann,"8,679085521","8,553765871","15,13204854","9,426346621","426,01","725,2602971","1,702448997"
org.apache:batik,Stephane Hillion,"53,85266723","19,00126507","11,73447537","45,4672096","250,9473684","355,6443689","1,417207007"
org.apache:batik,Dean Jackson,"1,989839119","0,6845750525","0,3140613847","1,418059723","1671,276667","2081,997148","1,245752537"
org.apache:batik,Christophe Jolif,"1,947502117","1,474296868","4,025695931","1,510930133","493,6025","471,6439351","0,9555136677"
org.apache:bcel,Torsten Curdt,"16,37010676","12,96647293","4,657849339","10,03643201","2457,27","5257,695622","2,139649132"
org.apache:bcel,Sebastian Bazley,"2,491103203","10,14263929","23,7492812","13,91467858","5161,096667","15226,80707","2,950304567"
org.apache:bcel,Emmanuel Bourg,"1,245551601","1,753139791","5,405405405","1,433776002","1932,555","2611,216844","1,351173366"
org.apache:bcel,David Brosius,"5,160142349","1,851325689","10,86831512","3,126101775","16490,88167","26824,87364","1,626648847"
org.apache:bcel,Benedikt Ritter,"0,8896797153","2,161528391","4,08280621","5,218004466","1086,58","215,116025","0,1979753216"
org.apache:beanutils,Simon Kitching,"1,5625","0,9463543711","2,428571429","1,534246575","994,86","1216,053958","1,222336769"
org.apache:beanutils,Robert Burrell Donkin,"32,8125","17,13674194","9,071428571","21,33333333","1062,8","1363,458723","1,28289304"
org.apache:beanutils,Niall Pemberton,"19,19642857","17,7650824",21,"19,67123288","2541,880909","3529,760924","1,388641345"
org.apache:beanutils,Gary D. Gregory,"6,25","10,64739702","6,785714286","7,287671233","734,86","1187,20788","1,615556542"
org.apache:beanutils,Craig R. McClanahan,"32,58928571","14,35958229","9,857142857","43,21461187","1212,186471","1549,826433","1,278537973"
org.apache:cayenne,Tore Halset,"0,3685277317","0,5333653495","1,185277604","0,8967499009","1241,004","1457,620811","1,174549648"
org.apache:cayenne,"Kevin Joseph Menard, Jr","0,2579694122","0,9321969784","2,464129757","0,5747126437","606,2466667","837,8843962","1,382084954"
org.apache:cayenne,Andrus Adamchik,"99,33665008","52,17616791","52,29257642","98,14209275","190,9003125","275,8366648","1,444925161"
org.apache:cocoon,Vadim Gritsenko,"2,134193152","4,238832076","9,582430943","1,542599691","1912,695","2296,345227","1,200580974"
org.apache:cocoon,Upayavira,"0,7062797482","1,332736798","0,8662943121","0,4760944119","1383,057143","2310,502971","1,670576652"
org.apache:cocoon,Unico Hommes,"0,5066789498","0,6796563293","2,728067176","0,817698877","505,2678571","702,472668","1,390297558"
org.apache:cocoon,Ugo Cei,"0,3070781514","0,3643433306","0,6915156351","0,1586981373","1741,1525","2458,791733","1,412163342"
org.apache:cocoon,Torsten Curdt,"0,1228312606","0,8147562113","0,4711425206","0,2098043171","5420,116667","3613,619079","0,6667050362"
org.apache:cocoon,Sylvain Wallez,"1,827115001","1,169009242","2,234127436","1,219823818","860,6993333","1093,013295","1,269913027"
org.apache:cocoon,Stephan Michels,"1,305082143","1,28441705","1,816178426","1,252101405","594,4483333","1032,831506","1,737462195"
org.apache:cocoon,Stefano Mazzocchi,"0,4145555044","0,2849710397","0,740909609","0,1640777352","1180,475","825,5542381","0,6993407214"
org.apache:cocoon,Simone Gianni,"0,2610164287","0,1386705692","0,2887647707","0,5056822003","973,8766667","860,6808963","0,8837678586"
org.apache:cocoon,Reinhard Pötz,"11,71503148","11,66437814","7,637068278","23,68905924","820,0236667","1333,766356","1,626497393"
org.apache:cocoon,Pier Fumagalli,"32,28926762","9,315283421","0,2735666249","18,07544886","2599,445","2442,665959","0,9396874945"
org.apache:cocoon,Par Daniel Fagerstrohm,"4,176262859","3,183427535","3,297997644","3,199515836","574,8471739","860,6101084","1,497111141"
org.apache:cocoon,Marc Portier,"0,1535390757","0,07577495682","0,4103499373","0,1748369309","1296,1075","1403,443051","1,082813772"
org.apache:cocoon,Leszek Gawron,"1,719637648","0,6247636751","1,656597895","0,8082845807","3695,355","6065,344449","1,641342834"
org.apache:cocoon,Jorg Heymans,"2,118839245","5,493830927","1,823777499","7,913388474","28,41","55,8211328","1,964841"
org.apache:cocoon,Joerg Heinicke,"0,4145555044","0,9550966542","2,982636118","0,6092394594","3420,742","3335,319693","0,9750281351"
org.apache:cocoon,Jeremy Quinn,"0,2917242438","0,2471590609","0,3875527186","0,5433393854","1456,036","1501,649127","1,031326923"
org.apache:cocoon,Jeff Turner,"0,3070781514","0,07757806504","0,5699304685","0,1156613543","419,355","82,39915321","0,1964902129"
org.apache:cocoon,Jean-Baptiste Quenot,"1,980654076","0,7667206977","0,4027508644","2,330710779","1246,394","2425,705624","1,946178836"
org.apache:cocoon,Guido Casper,"0,2303086135","0,1937763988","0,3875527186","0,2299778092","1329,572","1629,065328","1,225255442"
org.apache:cocoon,Gianugo Rabellino,"0,3838476892","0,1119348266","0,3039629165","0,2662900948","241,868","303,0622895","1,253006969"
org.apache:cocoon,Giacomo Pati,"1,13618916","0,7775127001","1,914966374","1,061125681","2187,613333","3816,627721","1,744653711"
org.apache:cocoon,Geoffrey Alexander Howard,"0,214954706","0,1771664856","0,4939397394","0,1977002219","1687,07","2618,920075","1,552348198"
org.apache:cocoon,Christopher Oliver,"0,9365883617","1,424046909","2,044150614","2,385851658","442,8085","877,3308059","1,981287184"
org.apache:cocoon,Christian Haul,"1,028711807","0,2947149299","0,6459211976","0,4586107188","1002,863333","924,9414349","0,9223005809"
org.apache:cocoon,Carsten Ziegeler,"29,47950253","24,73404376","20,73027091","27,32297761","201,9586826","341,3781902","1,690336784"
org.apache:cocoon,Bruno Dumon,"2,318440043","0,4392389391","1,759185379","1,635397754","1580,909375","4080,740717","2,581261635"
org.apache:cocoon,Bertrand Delacretaz,"0,5834484876","3,180878313","1,38303127","0,7719722951","1748,92","2083,131246","1,191095788"
org.apache:cocoon,Antonio Gallardo Rivera,"0,2303086135","1,674536834","4,544245602","0,6092394594","2524,976","2737,779371","1,084279364"
org.apache:codec,Timothy O'Brien,"22,79411765","8,846685593","4,188235294","11,70061582","1079,932","1184,201917","1,096552299"
org.apache:codec,Sebastian Bazley,"11,76470588","11,09463553","13,74117647","13,59545239","11643,4","23274,1137","1,99891043"
org.apache:codec,Gary D. Gregory,"47,05882353","52,35770899","52,32941176","62,57697774","6459,092941","11077,82536","1,715074463"
org.apache:collections,pjack,"4,271123491","1,727148931","1,10138379","3,342967245","19,255","34,21250697","1,77681158"
org.apache:collections,Thomas Neidhart,"12,62766945","31,10198651","18,72352443","11,39691715","1079,092593","1752,19547","1,62376749"
org.apache:collections,Stephen Colebourne,"37,14020427","30,4084242","25,89663937","36,3583815","428,9023684","1230,665258","2,869336587"
org.apache:collections,Rodney Waldhoff,"19,87000929","7,437083546","4,2360915","22,10019268","628,9724138","1588,26045","2,525167105"
org.apache:collections,Phil Steitz,"3,435468895","0,927244566","1,21434623","3,766859345","257,6709091","301,1119078","1,168591009"
org.apache:collections,Morgan James Delagrange,"3,249767874","1,044917307","3,75600113","2,842003854","143,77625","313,1378884","2,177952815"
org.apache:collections,Michael Smith,"3,528319406","2,037859021","2,03332392","4,007707129","508,286","831,5361982","1,635961247"
org.apache:collections,James Strachan,"5,47818013","1,036809114","0,6495340299","2,369942197","962,929","1226,900646","1,27413407"
org.apache:collections,Henri Yandell,"1,578458682","8,937203089","8,641626659","3,391136802","12039,4","14298,57627","1,187648576"
org.apache:collections,Brent Worden,"0,6499535747","0,4605037474","0,5083309799","0,6262042389","8140,2","4014,20277","0,4931331872"
org.apache:commons-cli,Robert James Oxspring,"29,90224267","15,30975718","6,865671642","13,48617867","3255,653333","2395,40234","0,7357670164"
org.apache:commons-cli,Oliver Heger,"1,178838413","0,7141526785","0,9950248756","1,474077589","47,9575","65,40667365","1,363846607"
org.apache:commons-cli,Niall Kegan Pemberton,"4,312823462","2,909575583","3,781094527","3,677779096","970,17","840,6390436","0,8664863308"
org.apache:commons-cli,John Keyes,"10,14951121","13,24994762","11,04477612","16,18815992","1777,035625","6072,534483","3,417227206"
org.apache:commons-cli,Henri Yandell,"39,99424957","48,35983517","21,49253731","43,25246174","1354,949444","2130,72411","1,57254879"
org.apache:commons-cli,Emmanuel Bourg,"12,5359402","7,968593579","14,4278607","16,05469213","675,8284615","1699,46499","2,514639567"
org.apache:commons-exec,Siegfried Goeschl,"7,462686567","36,98860658","43,66812227","27,77777778","23633,54333","23628,03652","0,9997669914"
org.apache:commons-exec,Niklas Gustavsson,"28,35820896","13,85693398","1,455604076","13,73737374","1390,62","546,6783947","0,3931184613"
org.apache:commons-fileupload,Sean Sullivan,"17,64705882","4,816531186","2,880288029","21,73913043","4639,3025","9275,898519","1,999416619"
org.apache:commons-fileupload,Martin Cooper,"49,01960784","25,83149738","12,15121512","38,00322061","6697,36","1046,686408","0,1562834323"
org.apache:commons-fileupload,Jochen Wiedmann,"15,68627451","19,80247664","11,25112511","24,15458937","2256,396667","2907,504633","1,28856095"
org.apache:commons-io,Stephen Colebourne,"10,1754386","7,743196945","7,123534716","16,35802469","2975,133","3177,692646","1,068084232"
org.apache:commons-io,Sebastian Bazley,"3,50877193","5,105030627","10,6101593","5,426954733","7343,19","6483,027107","0,8828625034"
org.apache:commons-io,Nicola Ken Barozzi,"23,50877193","4,411170967","0,4508566276","16,69238683","0,018","0,01303840481","0,7243558228"
org.apache:commons-io,Niall Pemberton,"20,35087719","10,55122334","10,27953111","20,34465021","1758,542857","4059,970601","2,308712912"
org.apache:commons-io,Martin Cooper,"3,157894737","1,045115297","0,5109708446","2,829218107","3199,175","2965,231074","0,9268736702"
org.apache:commons-io,Jeremias Maerki,"5,964912281","3,553795753","2,584911332","5,529835391","759,914","916,3754884","1,205893678"
org.apache:commons-io,Henri Yandell,"27,01754386","12,6760604","7,363991584","11,83127572","1414,2425","1955,028161","1,382385384"
org.apache:commons-jelly,Morgan James Delagrange,"0,8982035928","11,44501689","8,02882141","2,376729337","1189,73","1681,867621","1,413654881"
org.apache:commons-jelly,James Strachan,"81,73652695","37,95169408","30,72568194","72,93366442","117,7674286","203,4884939","1,727884326"
org.apache:commons-jelly,Dion Gillard,"10,47904192","34,400194","37,26196603","11,38701667","1406,438462","3939,984288","2,80139117"
org.apache:commons-jelly,Bob McWhirter,"5,389221557","1,552265633","2,521873392","8,832919475","932,562","1538,980406","1,65027141"
org.apache:commons-jexl,Sebastian Bazley,"0,6479481641","1,594498552","11,06951872","0,2910784456","348,2666667","390,146384","1,120251868"
org.apache:commons-jexl,Rahul Akolkar,"3,023758099","4,557120295","5,187165775","1,237083394","113,226","140,4378191","1,240331895"
org.apache:commons-jexl,Niall Pemberton,"28,72570194","0,6129902606","2,352941176","33,07014991","562,52625","803,1807207","1,427810206"
org.apache:commons-jexl,Henri Biestro,"14,14686825","46,78204791","28,6631016","6,818512589","2696,190769","4106,521491","1,52308269"
org.apache:commons-jexl,Geir Magnusson Jr,"13,39092873","6,948868123","2,887700535","2,565128802","1701,088333","1878,765783","1,104449279"
org.apache:commons-jexl,Dion Gillard,"18,6825054","16,48196894","22,67379679","26,18250619","1682,236154","3901,781843","2,319401966"
org.apache:configuration,Ralph Goers,"6,027060271","1,942452043","1,591511936","6,911385145","1084,654286","1483,04786","1,36730005"
org.apache:configuration,Oliver Heger,"60,02460025","67,26653163","66,84350133","36,019501","1070,206408","2935,636779","2,743056627"
org.apache:configuration,Henning Schmiedehausen,"0,8610086101","0,3614917193","0,7368110816","2,968167479","257,625","333,5917662","1,294873425"
org.apache:configuration,Emmanuel Bourg,"10,94710947","5,391993328","6,719717065","17,78032693","2587,389","4918,972753","1,901133827"
org.apache:configuration,David Eric Pugh,"22,01722017","4,739544859","3,124078986","8,058503011","621,02625","772,1934074","1,243415085"
org.apache:dbcp,Sebastian Bazley,"4,054054054","2,134797963","8,897959184","5,475763016","18320,08","24486,20274","1,336577282"
org.apache:dbcp,Rodney Waldhoff,"7,432432432","4,399766533","1,795918367","6,508078995","94,795","133,4381207","1,407649356"
org.apache:dbcp,Phil Steitz,"14,86486486","9,126639205","15,10204082","19,61400359","11036,76429","16025,97499","1,452053752"
org.apache:dbcp,Mark Thomas,"17,56756757","18,98391343","17,10204082","26,79533214","9647,284286","9385,952953","0,9729114096"
org.apache:dbcp,John McNally,"21,62162162","4,667246136","0,5306122449","14,00359066","5207,2","5261,242148","1,010378351"
org.apache:dbcp,Dirk Verbeeck,"28,37837838","7,923610849","9,632653061","18,80610413","1504,386667","2314,152321","1,53826963"
org.apache:dbutils,Henri Yandell,"37,03703704","10,24748051","11,41025641","44,5754717","10818,79","15162,78769","1,401523432"
org.apache:dbutils,David Graham,"25,92592593","19,346935","11,15384615","17,45283019","4634,9","2920,393433","0,6300876896"
org.apache:digester,Simone Tripodi,"54,28109855","54,39866931","60,60329068","28,53549469","199,1511429","804,696665","4,040632926"
org.apache:digester,Simon Kitching,"8,400646204","6,714775362","8,912248629","13,69480157","1582,434167","3122,689048","1,973345314"
org.apache:digester,Scott Sanders,"2,100161551","3,353187271","1,508226691","5,505869201","2600,573333","3780,336805","1,453655144"
org.apache:digester,Robert Burrell Donkin,"8,885298869","13,15022346","7,084095064","25,18166574","740,9633333","1065,219957","1,437614939"
org.apache:digester,Rahul Akolkar,"2,907915994","4,280217749","6,307129799","3,773057574","11415,70333","10209,51843","0,8943398524"
org.apache:digester,Craig R. McClanahan,"6,62358643","8,017322491","4,524680073","14,36556736","2868,631111","4535,146372","1,580944428"
org.apache:felix,Timothy Bennett,"1,683937824","0,04136988464","0,09517558254","0,2690891869","0,5425","0,8919781387","1,644199334"
org.apache:felix,Stephane Frenot,"11,13989637","0,7346797924","0,4233672465","6,012528793","197,835","351,7551023","1,778022606"
org.apache:felix,Richard S. Hall,"49,61139896","10,5307153","10,354447","29,59550513","435,467619","536,8161513","1,232734945"
org.apache:felix,Michael E. Rodriguez,"5,440414508","0,3602445727","0,3249097473","2,596172475","1332,08","1742,905079","1,308408713"
org.apache:felix,Marcel Offermans,"2,07253886","1,907099557","2,973416475","2,589714335",1193,"1322,02098","1,108148349"
org.apache:felix,Manuel L. Santillan,"3,238341969","0,1454381751","0,1378404989","1,930984005","109,15","151,1255186","1,38456728"
org.apache:felix,Karl Pauls,"6,476683938","15,86851546","9,691499836","3,285040794","689,5483333","1051,582501","1,525030879"
org.apache:felix,Francesco Furfari,"8,678756477","0,3417243955","0,318345914","2,904010505","170,2125","339,7917546","1,996279677"
org.apache:felix,Alex Karasulu,"5,829015544","0,1348324216","0,1673777486","0,7254644479","492,2875","1380,934284","2,805137818"
org.apache:hive,Zheng Shao,"3,349160394","2,042440842","1,960275217","1,82281556","394,4211765","444,7185472","1,127521983"
org.apache:hive,Yongqiang He,"1,042269832","1,209406362","0,8568090354","0,514917199","1546,3075","2709,068632","1,751959834"
org.apache:hive,Xuefu Zhang,"10,06832658","3,196088019","3,083214332","11,04230607","156,3890141","315,7048401","2,018714946"
org.apache:hive,Vikram Dixit K,"0,2246670527","0,176017673","0,311566922","0,3262154453","1295,951667","1290,404238","0,9957194173"
org.apache:hive,Vaibhav Gumashta,"0,03705848292","0,5477444064","0,9022458782","0,1680963897","888,4525","994,4427495","1,119297598"
org.apache:hive,Thejas Nair,"1,20671685","0,899476808","2,232896274","1,880293681","268,3629167","374,4851408","1,395442953"
org.apache:hive,Szehon Ho,"1,023740591","0,1714700246","1,233285733","1,878124695","306,9041176","374,5115905","1,220288582"
org.apache:hive,Sushanth Sowmyan,"1,64910249","0,529156851","1,226794755","3,001225477","867,8405556","1146,304792","1,320870274"
org.apache:hive,Sergey Shelukhin,"1,357266937","1,573176451","4,043879008","2,600396924","259,9011765","604,1726664","2,324624592"
org.apache:hive,Raghotham Murthy,"0,1737116387","0,2337059515","0,1492924834","0,1583359542","739,4325","370,8712018","0,5015619436"
org.apache:hive,Prasanth J,"1,449913144","0,4529123562","0,8048812151","1,89547658","264,4326087","370,7680832","1,402126935"
org.apache:hive,Prasad Suresh Mujumdar,"0,101910828","0,01035582424","0,1298195508","0,114305545","1993,6475","2449,066784","1,22843521"
org.apache:hive,Paul Yang,"0,3080486393","0,1102265018","0,1622744385","0,1171252264","1799,25","1362,071508","0,7570218193"
org.apache:hive,Owen O'Malley,"5,795020266","1,170023587","0,6555887317","5,693370495","3137,279444","9408,646175","2,998982508"
org.apache:hive,Ning Zhang,"0,9959467284","0,8354893749","0,7659353499","1,588565108","1315,471818","1279,103331","0,9723532751"
org.apache:hive,Navis Ryu,"0,2779386219","0,2301715999","0,8243541477","0,473272674","1245,992","1317,954792","1,057755421"
org.apache:hive,Namit Jain,"4,134337001","4,005785333","4,770868493","3,325271937","407,542069","597,5827618","1,466309388"
org.apache:hive,Kevin Wilfong,"1,605095541","0,4597129361","0,5582240685","0,8465551085","964,5022222","970,7241868","1,006450959"
org.apache:hive,John Sichi,"1,753329473","0,8072528655","1,174866935","0,8051274821","625,3578947","672,145927","1,074818008"
org.apache:hive,Jitendra Nath Pandey,"0,09727851766","0,05715203203","0,1752563936","0,1687470854","237,7425","270,3732093","1,137252318"
org.apache:hive,Jason Dere,"0,5280833816","0,9425436655","2,213423342","0,820744179","328,9852941","474,1574829","1,441272578"
org.apache:hive,Harish Butani,"2,462072959","0,2461231906","0,4348954953","1,821080372","1184,85","1317,002519","1,111535232"
org.apache:hive,Gunther Hagleitner,"7,909669948","4,58585774","3,096196287","9,590820853","189,6475342","364,7839599","1,9234838"
org.apache:hive,Gopal Vijayaraghavan,"0,03011001737","0,08719924366","0,2920939894","0,1600711427","1131,876","889,6389701","0,7859862477"
org.apache:hive,Eugene Koifman,"0,05095541401","0,3330577932","1,687654161","0,109316878","593,5325","670,9358186","1,130411256"
org.apache:hive,Eric N. Hanson,"0,240880139","0,07376870765","0,1168375957","0,1685301869","195,0914286","170,0086877","0,871430841"
org.apache:hive,Edward Capriolo,"1,952518819","0,09176430269","0,3245488771","0,4476786431","2035,104","2828,502287","1,389856384"
org.apache:hive,Dhruba Borthakur,"2,594093804","0,472123211","0,2206932364","2,004142763","660,4875","556,2764474","0,842221007"
org.apache:hive,Carl Steinbach,"1,026056746","0,587935033","1,246267688","1,362123003","1180,919583","1437,587732","1,217346001"
org.apache:hive,Brock Noland,"3,189345686","1,729161489","2,979358691","5,465410101","179,4165789","285,3644079","1,590513037"
org.apache:hive,Ashutosh Chauhan,"35,53676896","11,03544349","10,30118136","33,52969884","166,4201765","378,2795521","2,273039004"
org.apache:hive,Ashish Thusoo,"0,7064273306","0,1556333438","0,3310398546","0,1290546476","442,4525","692,1915431","1,564442608"
org.apache:hive,Amareshwari Sri Ramadasu,"0,2084539664","0,169826464","0,1817473712","0,5123144162","5996,544","10082,51316","1,681387339"
org.apache:hive,Alan Gates,"6,682107701","11,59769789","1,512397767","5,080848941","1231,141538","1945,512355","1,580250763"
org.apache:httpclient,Roland Weber,"21,81677019","4,138823333","7,631257631","13,49056604","223,3660465","416,474203","1,864536753"
org.apache:httpclient,Oleg Kalnichevski,"76,70807453","87,6494578","61,5995116","77,65199161","498,476","758,2233191","1,521082899"
org.apache:httpclient,Jonathan Moore,"0,7763975155","1,426924705","3,266178266","3,406708595","3655,913333","3145,722145","0,8604476797"
org.apache:httpcore,Roland Weber,"2,201524132","3,398185537","4,079351774","5,495495495","707,4127273","971,8096444","1,373751994"
org.apache:httpcore,Oleg Kalnichevski,"97,03640982","88,64041591","69,93573624","92,39864865","552,9945596","3073,295602","5,557551243"
org.apache:jxpath,Dmitri Plotnikov,"94,70198675","73,02992965","37,89649416","59,48596551","1174,29","1920,253153","1,635246109"
org.apache:net,Steven M. Cohen,"3,876603877","4,533345818","4,317718941","5,137952883","2633,2","2990,055117","1,135521463"
org.apache:net,Sebastian Bazley,"12,25771226","16,57833751","53,11608961","16,47658545","2410,267632","3400,725501","1,410932735"
org.apache:net,Rory Winston,"24,5973246","24,63306725","13,64562118","31,38932089","1614,895667","2924,168266","1,810747484"
org.apache:net,Niall Pemberton,"12,91291291","1,397972799","2,892057026","12,61160071","1055,065789","3074,187765","2,913740352"
org.apache:net,Jeffrey Brekke,"2,948402948","31,51337812","3,788187373","23,83791256","1096,136","2120,662522","1,934670992"
org.apache:net,Daniel Savarese,"0,1092001092","2,025796484","3,258655804","2,243534359","4147,115","1570,547801","0,378708524"
org.apache:ognl,Simone Tripodi,"4,143646409","35,81619497","41,48783977","17,0212766","1919,77","2441,668","1,271854441"
org.apache:ognl,Maurizio Cucchiara,"11,32596685","15,8849598","29,47067239","7,255864703","116,48375","158,4581343","1,360345407"
org.apache:ognl,Christian Grobmeier,"4,972375691","7,414766122","6,008583691","1,654846336","22,23","2,347594514","0,1056047914"
org.apache:santuario,Sean Mullan,"10,24440978","2,582758749","7,140369209","51,38330933","8662,085385","17456,4727","2,015273682"
org.apache:santuario,Raul Benito Garcia,"9,360374415","10,40248307","10,27516545","9,426716188","3736,791","4515,52532","1,208396541"
org.apache:santuario,Marc Giger,"1,196047842","2,012570517","2,995471961","1,657444604","2842,745","7198,795138","2,53233939"
org.apache:santuario,Colm O hEigeartaigh,"40,82163287","19,92621687","21,69975618","12,82245635","837,2769072","1961,42724","2,342626702"
org.apache:santuario,Christian Geuer-Pollmann,"35,88143526","16,92396249","9,857192616","20,44771217","190,7195652","325,5333127","1,706868996"
org.apache:santuario,Berin Lautenbach,"1,352054082","23,74678833","20,13235806","3,044543824","1055,901429","1077,195827","1,020167033"
org.apache:thrift,Bryan Duxbury,"35,38306452","5,272343309","8,410028562","28,55230872","911,0419231","1263,025724","1,386353023"
org.apache:validator,Sebastian Bazley,"7,220216606","8,057221116","20,48429319","9,76344086","8439,44","5861,064913","0,6944850503"
org.apache:validator,Robert Leland,"6,137184116","20,70352511","6,871727749","6,795698925","2718,366667","3258,865617","1,198832246"
org.apache:validator,Niall Kegan Pemberton,"22,02166065","28,93970607","15,96858639","19,05376344","2639,361429","3480,636579","1,318741928"
org.apache:validator,James Turner,"7,942238267","2,501985246","1,636125654","4,946236559","980,3533333","1262,798311","1,288105286"
org.apache:validator,David Winterfeldt,"32,49097473","7,268877099","2,617801047","23,82795699","343,4816667","610,5081694","1,777411224"
org.apache:validator,David Graham,"11,19133574","13,79717117","13,02356021","10,92473118","1978,6375","2170,801067","1,097119137"
org.apache:validator,Benjamin Speakmon,"7,942238267","2,192977408","3,468586387","4,430107527","95,82","68,31573269","0,7129590137"
org.apache:vfs,adammurdoch,"19,23076923","10,1293468","7,803278689","15,82160871","200,89","426,1074987","2,121098605"
org.apache:vfs,Ralph Goers,"19,63562753","9,991743821","5,573770492","7,300238917","3238,474","4263,905874","1,316640453"
org.apache:vfs,Mario Ivankovits,"21,25506073","15,19742872","14,09836066","35,67825856","696,118125","904,1170097","1,29879826"
org.apache:vfs,Gary D. Gregory,"22,26720648","18,28276529","26,78688525","25,8295726","6109,052381","15685,1876","2,56753202"
org.apache:zookeeper,Rakesh Radhakrishnan,"1,519756839","0,6381430347","2,033036849","2,216856892","5270,8975","6734,229091","1,277624748"
org.apache:zookeeper,Patrick D. Hunt,"94,22492401","18,43223006","16,94197374","91,17647059","6224,863333","9011,955748","1,447735519"
org.apache:zookeeper,Flavio Paiva Junqueira,"1,823708207","4,375233139","3,60016942","0,9877085162","7223,27","6723,878382","0,9308634984"