project_id,author,mean,std,cv
org.apache:ognl,Christian Grobmeier,22.23,2.3475945135393377,0.1056047914322689
org.apache:commons-fileupload,Martin Cooper,6697.360000000001,1046.686408242698,0.15628343231403088
org.apache:cocoon,Jeff Turner,419.355,82.39915321166839,0.19649021285466584
org.apache:bcel,Benedikt Ritter,1086.58,215.11602497257144,0.19797532162617704
org.apache:archiva,Wendy Smoak,616.1966666666667,205.2775463447801,0.3331364115538547
org.apache:net,Daniel Savarese,4147.115,1570.5478006256285,0.37870852402830124
org.apache:commons-exec,Niklas Gustavsson,1390.62,546.6783946709438,0.3931184613128992
org.apache:collections,Brent Worden,8140.2,4014.2027703891595,0.49313318719308613
org.apache:hive,Raghotham Murthy,739.4325,370.87120184551037,0.5015619435790425
org.apache:dbutils,David Graham,4634.9,2920.393432707313,0.6300876896388947
org.apache:cocoon,Torsten Curdt,5420.116666666667,3613.619078629253,0.6667050362315546
org.apache:validator,Sebastian Bazley,8439.44,5861.064913162112,0.6944850503306039
org.apache:cocoon,Stefano Mazzocchi,1180.475,825.5542381031062,0.6993407214071508
org.apache:validator,Benjamin Speakmon,95.82,68.31573269264798,0.7129590136991024
org.apache:commons-io,Nicola Ken Barozzi,0.018,0.013038404810405298,0.7243558228002944
org.apache:commons-cli,Robert James Oxspring,3255.653333333333,2395.402339615066,0.7357670164355335
org.apache:hive,Paul Yang,1799.25,1362.0715083283992,0.7570218192738081
org.apache:hive,Gopal Vijayaraghavan,1131.876,889.6389701052896,0.7859862477031845
org.apache:hive,Dhruba Borthakur,660.4875,556.2764473637785,0.8422210070043393
org.apache:httpclient,Jonathan Moore,3655.9133333333334,3145.72214479177,0.86044767968381
org.apache:commons-cli,Niall Kegan Pemberton,970.1700000000001,840.6390435852953,0.8664863308340758
org.apache:hive,Eric N. Hanson,195.0914285714286,170.00868766316734,0.8714308409552819
org.apache:commons-io,Sebastian Bazley,7343.1900000000005,6483.027106540071,0.8828625034269943
org.apache:cocoon,Simone Gianni,973.8766666666667,860.6808962869651,0.8837678586477054
org.apache:digester,Rahul Akolkar,11415.703333333333,10209.518433904377,0.8943398523762481
org.apache:batik,billh,341.46000000000004,306.0434220825535,0.8962789846030383
org.apache:cocoon,Christian Haul,1002.8633333333333,924.9414349027727,0.9223005809061116
org.apache:commons-io,Martin Cooper,3199.175,2965.2310737023513,0.9268736701500703
org.apache:zookeeper,Flavio Paiva Junqueira,7223.27,6723.878382302881,0.9308634984297804
org.apache:cocoon,Pier Fumagalli,2599.445,2442.665959158149,0.9396874945067691
org.apache:batik,Christophe Jolif,493.6025,471.6439351442286,0.9555136676662468
org.apache:hive,Ning Zhang,1315.4718181818182,1279.1033307267883,0.9723532751121216
org.apache:dbcp,Mark Thomas,9647.284285714284,9385.952952914722,0.972911409567712
org.apache:cocoon,Joerg Heinicke,3420.7419999999997,3335.3196927985778,0.9750281350650175
org.apache:hive,Vikram Dixit K,1295.9516666666666,1290.4042383751948,0.9957194172945196
org.apache:commons-exec,Siegfried Goeschl,23633.543333333335,23628.03651509015,0.9997669914254703
org.apache:hive,Kevin Wilfong,964.5022222222223,970.724186777297,1.0064509592738307
org.apache:dbcp,John McNally,5207.2,5261.2421475541305,1.0103783506594965
org.apache:santuario,Berin Lautenbach,1055.9014285714286,1077.1958272048862,1.0201670326957202
org.apache:cocoon,Jeremy Quinn,1456.0359999999998,1501.6491270366723,1.0313269225738049
org.apache:hive,Navis Ryu,1245.992,1317.9547924281942,1.0577554209242068
org.apache:commons-io,Stephen Colebourne,2975.133,3177.6926455319394,1.0680842320433874
org.apache:hive,John Sichi,625.357894736842,672.1459269598046,1.074818008402455
org.apache:cocoon,Marc Portier,1296.1075,1403.443050890084,1.0828137719209894
org.apache:cocoon,Antonio Gallardo Rivera,2524.9759999999997,2737.7793712021426,1.0842793639235158
org.apache:codec,Timothy O'Brien,1079.932,1184.2019172717125,1.0965522989148506
org.apache:validator,David Graham,1978.6375,2170.8010665568336,1.0971191370611513
org.apache:commons-jexl,Geir Magnusson Jr,1701.0883333333331,1878.7657833739322,1.1044492790638536
org.apache:felix,Marcel Offermans,1193.0,1322.020980241993,1.1081483489035984
org.apache:hive,Harish Butani,1184.85,1317.002519253475,1.1115352316778284
org.apache:hive,Vaibhav Gumashta,888.4525,994.442749529437,1.119297598385324
org.apache:commons-jexl,Sebastian Bazley,348.26666666666665,390.1463839808506,1.1202518682451683
org.apache:hive,Zheng Shao,394.42117647058825,444.7185472194725,1.1275219834770582
org.apache:hive,Eugene Koifman,593.5325,670.9358186083573,1.1304112556740487
org.apache:archiva,James William Dumay,912.366,1032.787293628267,1.131987923298618
org.apache:net,Steven M. Cohen,2633.2000000000003,2990.0551173961103,1.1355214633890742
org.apache:hive,Jitendra Nath Pandey,237.7425,270.3732092713083,1.1372523182489809
org.apache:batik,Thomas E. DeWeese,340.08024390243907,390.9533070552532,1.1495913510559832
org.apache:collections,Phil Steitz,257.6709090909091,301.11190775040916,1.168591009411053
org.apache:cayenne,Tore Halset,1241.0040000000001,1457.620811332632,1.174549647972635
org.apache:collections,Henri Yandell,12039.4,14298.576270948097,1.1876485764197633
org.apache:cocoon,Bertrand Delacretaz,1748.92,2083.1312460452414,1.1910957882837645
org.apache:validator,Robert Leland,2718.3666666666663,3258.8656170105164,1.1988322462056322
org.apache:cocoon,Vadim Gritsenko,1912.695,2296.3452267587495,1.2005809743627445
org.apache:commons-io,Jeremias Maerki,759.914,916.3754884489217,1.2058936780332008
org.apache:santuario,Raul Benito Garcia,3736.791,4515.52532021703,1.2083965413685243
org.apache:hive,Carl Steinbach,1180.9195833333333,1437.5877321446724,1.217346000890977
org.apache:hive,Szehon Ho,306.9041176470588,374.5115904591409,1.2202885817577431
org.apache:beanutils,Simon Kitching,994.86,1216.053958013377,1.2223367690060682
org.apache:cocoon,Guido Casper,1329.572,1629.0653279933251,1.2252554415957355
org.apache:hive,Prasad Suresh Mujumdar,1993.6475,2449.066784489894,1.2284352095793734
org.apache:felix,Richard S. Hall,435.46761904761905,536.8161513023315,1.232734944739094
org.apache:commons-jexl,Rahul Akolkar,113.226,140.43781908730995,1.2403318945057669
org.apache:configuration,David Eric Pugh,621.02625,772.193407359609,1.2434150848850736
org.apache:batik,Dean Jackson,1671.2766666666666,2081.997147700576,1.2457525371027196
org.apache:cocoon,Gianugo Rabellino,241.868,303.0622895049795,1.2530069686977174
org.apache:cocoon,Sylvain Wallez,860.6993333333334,1093.0132953916839,1.2699130266066785
org.apache:ognl,Simone Tripodi,1919.77,2441.667999708396,1.2718544407446706
org.apache:collections,James Strachan,962.9289999999999,1226.9006458140318,1.2741340699200376
org.apache:zookeeper,Rakesh Radhakrishnan,5270.8975,6734.229091298548,1.277624748213857
org.apache:beanutils,Craig R. McClanahan,1212.1864705882351,1549.8264333948057,1.2785379733224747
org.apache:beanutils,Robert Burrell Donkin,1062.8000000000002,1363.4587231699518,1.2828930402427094
org.apache:validator,James Turner,980.3533333333335,1262.7983109084892,1.288105286095988
org.apache:commons-fileupload,Jochen Wiedmann,2256.396666666667,2907.5046331920666,1.2885609503612985
org.apache:configuration,Henning Schmiedehausen,257.625,333.5917661603775,1.294873425173712
org.apache:vfs,Mario Ivankovits,696.118125,904.1170097462496,1.2987982603473363
org.apache:felix,Michael E. Rodriguez,1332.08,1742.9050785398497,1.308408713095197
org.apache:vfs,Ralph Goers,3238.4739999999997,4263.905874234327,1.3166404529523248
org.apache:validator,Niall Kegan Pemberton,2639.3614285714284,3480.6365791400317,1.318741928051873
org.apache:hive,Sushanth Sowmyan,867.8405555555555,1146.304792249848,1.3208702738212452
org.apache:dbcp,Sebastian Bazley,18320.08,24486.202735810224,1.3365772821849153
org.apache:archiva,Maria Odea B. Ching,978.8320000000001,1310.7535900191851,1.3390996514408857
org.apache:bcel,Emmanuel Bourg,1932.555,2611.21684422544,1.3511733659458283
org.apache:ognl,Maurizio Cucchiara,116.48375000000001,158.45813434807135,1.3603454073900552
org.apache:commons-cli,Oliver Heger,47.9575,65.40667365287226,1.3638466069514101
org.apache:configuration,Ralph Goers,1084.6542857142856,1483.0478595767697,1.3673000504489106
org.apache:httpcore,Roland Weber,707.4127272727272,971.8096444375401,1.3737519936687264
org.apache:cayenne,"Kevin Joseph Menard, Jr",606.2466666666667,837.8843962226134,1.3820849536865303
org.apache:commons-io,Henri Yandell,1414.2425,1955.0281607707511,1.3823853835327047
org.apache:felix,Manuel L. Santillan,109.14999999999999,151.12551855990435,1.384567279522715
org.apache:thrift,Bryan Duxbury,911.0419230769231,1263.0257243081608,1.3863530231874062
org.apache:beanutils,Niall Pemberton,2541.8809090909094,3529.7609240326333,1.3886413448437418
org.apache:hive,Edward Capriolo,2035.104,2828.5022871353667,1.3898563843102696
org.apache:cocoon,Unico Hommes,505.26785714285717,702.4726679619048,1.390297558079755
org.apache:hive,Thejas Nair,268.36291666666665,374.4851408065867,1.3954429526182799
org.apache:dbutils,Henri Yandell,10818.79,15162.787693831237,1.401523432272115
org.apache:hive,Prasanth J,264.43260869565216,370.76808318822043,1.402126935165378
org.apache:dbcp,Rodney Waldhoff,94.795,133.43812067771339,1.4076493557435876
org.apache:net,Sebastian Bazley,2410.267631578947,3400.7255007038543,1.410932734667339
org.apache:cocoon,Ugo Cei,1741.1525,2458.7917326765537,1.4121633416237542
org.apache:commons-jelly,Morgan James Delagrange,1189.7299999999998,1681.867621187827,1.413654880676983
org.apache:batik,Stephane Hillion,250.94736842105263,355.6443688600731,1.4172070067830094
org.apache:commons-jexl,Niall Pemberton,562.52625,803.1807206518255,1.4278102055714297
org.apache:digester,Robert Burrell Donkin,740.9633333333334,1065.2199572902884,1.437614939052704
org.apache:hive,Jason Dere,328.9852941176471,474.15748289884715,1.4412725777623532
org.apache:cayenne,Andrus Adamchik,190.9003125,275.8366647933977,1.4449251611015443
org.apache:zookeeper,Patrick D. Hunt,6224.863333333334,9011.955748450684,1.4477355189780365
org.apache:dbcp,Phil Steitz,11036.764285714284,16025.974988813065,1.452053751800851
org.apache:digester,Scott Sanders,2600.5733333333333,3780.3368045232864,1.453655144451462
org.apache:hive,Namit Jain,407.5420689655173,597.5827617959454,1.4663093881640665
org.apache:cocoon,Par Daniel Fagerstrohm,574.8471739130435,860.6101084402934,1.4971111410047167
org.apache:httpclient,Oleg Kalnichevski,498.476,758.2233190841698,1.5210828988440162
org.apache:commons-jexl,Henri Biestro,2696.1907692307695,4106.521490865887,1.5230826904868786
org.apache:felix,Karl Pauls,689.5483333333333,1051.5825008322774,1.5250308789071265
org.apache:dbcp,Dirk Verbeeck,1504.3866666666665,2314.152320629522,1.5382696296804381
org.apache:cocoon,Geoffrey Alexander Howard,1687.07,2618.9200745154485,1.5523481980685143
org.apache:hive,Ashish Thusoo,442.4525,692.191543065694,1.5644426081120437
org.apache:commons-cli,Henri Yandell,1354.9494444444445,2130.7241097569795,1.5725487902839193
org.apache:hive,Alan Gates,1231.1415384615384,1945.5123553700282,1.580250762882376
org.apache:digester,Craig R. McClanahan,2868.6311111111113,4535.146372355153,1.5809444284380463
org.apache:batik,Vincent Hardy,276.3265306122449,438.6472326347554,1.5874235154433542
org.apache:hive,Brock Noland,179.4165789473684,285.3644078836865,1.590513037077793
org.apache:beanutils,Gary D. Gregory,734.8600000000001,1187.2078801541033,1.6155565415917361
org.apache:collections,Thomas Neidhart,1079.0925925925926,1752.195470267982,1.6237674897371082
org.apache:cocoon,Reinhard Pötz,820.0236666666666,1333.7663563744725,1.6264973934180833
org.apache:bcel,David Brosius,16490.881666666664,26824.87364431558,1.6266488467100708
org.apache:jxpath,Dmitri Plotnikov,1174.29,1920.253153445084,1.6352461090915227
org.apache:collections,Michael Smith,508.28599999999994,831.536198237936,1.6359612466956321
org.apache:cocoon,Leszek Gawron,3695.355,6065.344448858614,1.6413428341414056
org.apache:felix,Timothy Bennett,0.5425,0.8919781387455635,1.6441993340932046
org.apache:commons-jelly,Bob McWhirter,932.5620000000001,1538.980406330763,1.6502714096550821
org.apache:cocoon,Upayavira,1383.0571428571432,2310.502971452423,1.6705766521543328
org.apache:hive,Amareshwari Sri Ramadasu,5996.544,10082.513159308546,1.681387338992017
org.apache:cocoon,Carsten Ziegeler,201.95868263473054,341.37819015207623,1.6903367842297954
org.apache:batik,Thierry Kormann,426.01,725.2602970704149,1.702448996667719
org.apache:santuario,Christian Geuer-Pollmann,190.7195652173913,325.5333127445998,1.7068689957086538
org.apache:codec,Gary D. Gregory,6459.092941176471,11077.825358543278,1.715074463152955
org.apache:archiva,Jason van Zyl,1661.525,2862.699620014879,1.7229350265658832
org.apache:commons-jelly,James Strachan,117.76742857142858,203.48849390742518,1.7278843257072973
org.apache:cocoon,Stephan Michels,594.4483333333333,1032.8315057517996,1.7374621945026896
org.apache:cocoon,Giacomo Pati,2187.6133333333332,3816.627720796399,1.744653711257504
org.apache:hive,Yongqiang He,1546.3075000000001,2709.0686315226494,1.75195983432962
org.apache:collections,pjack,19.255000000000003,34.21250697235345,1.776811579971615
org.apache:validator,David Winterfeldt,343.4816666666666,610.5081694266397,1.7774112235780846
org.apache:felix,Stephane Frenot,197.835,351.7551022677973,1.7780226060494722
org.apache:net,Rory Winston,1614.8956666666666,2924.1682657734377,1.8107474842689144
org.apache:httpclient,Roland Weber,223.3660465116279,416.4742029919828,1.8645367525466865
org.apache:configuration,Emmanuel Bourg,2587.389,4918.972752619189,1.9011338274295781
org.apache:hive,Gunther Hagleitner,189.64753424657536,364.7839599177575,1.9234838004456931
org.apache:net,Jeffrey Brekke,1096.136,2120.662521982222,1.934670991539574
org.apache:archiva,Jesse McConnell,642.935,1247.0543793275415,1.9396274574063344
org.apache:cocoon,Jean-Baptiste Quenot,1246.3939999999998,2425.705623984493,1.9461788358933798
org.apache:cocoon,Jorg Heymans,28.41,55.82113279634037,1.9648409995191964
org.apache:digester,Simon Kitching,1582.4341666666667,3122.6890476390217,1.9733453140845911
org.apache:cocoon,Christopher Oliver,442.8085,877.3308058704029,1.9812871836706
org.apache:felix,Francesco Furfari,170.2125,339.79175459635076,1.9962796774405567
org.apache:codec,Sebastian Bazley,11643.4,23274.11370331854,1.9989104302281586
org.apache:commons-fileupload,Sean Sullivan,4639.302500000001,9275.898519296752,1.9994166190492537
org.apache:santuario,Sean Mullan,8662.085384615384,17456.472703554984,2.0152736816193473
org.apache:hive,Xuefu Zhang,156.38901408450707,315.7048401237863,2.0187149460075924
org.apache:vfs,adammurdoch,200.89,426.1074986879429,2.1210986046490263
org.apache:bcel,Torsten Curdt,2457.27,5257.6956215855635,2.1396491315913853
org.apache:collections,Morgan James Delagrange,143.77625,313.13788842879245,2.177952815077542
org.apache:hive,Ashutosh Chauhan,166.42017647058825,378.2795521418089,2.27303900382934
org.apache:commons-io,Niall Pemberton,1758.5428571428572,4059.970600663437,2.3087129120411425
org.apache:commons-jexl,Dion Gillard,1682.236153846154,3901.7818428989126,2.3194019662329426
org.apache:hive,Sergey Shelukhin,259.9011764705882,604.1726664384124,2.324624592481534
org.apache:santuario,Colm O hEigeartaigh,837.2769072164948,1961.427240012019,2.342626702237295
org.apache:archiva,Brett Porter,489.5457142857143,1171.711957458585,2.3934679096684666
org.apache:commons-cli,Emmanuel Bourg,675.8284615384616,1699.4649902241104,2.5146395674953284
org.apache:collections,Rodney Waldhoff,628.9724137931034,1588.2604495387288,2.525167105438709
org.apache:santuario,Marc Giger,2842.7450000000003,7198.7951379221395,2.5323393895414954
org.apache:vfs,Gary D. Gregory,6109.05238095238,15685.187601198433,2.567532020203953
org.apache:cocoon,Bruno Dumon,1580.9093750000002,4080.7407174130676,2.5812616345659074
org.apache:configuration,Oliver Heger,1070.2064077669904,2935.636778948547,2.743056626874267
org.apache:archiva,Edwin L. Punzalan,210.48589743589744,587.0817070979489,2.789173594286724
org.apache:commons-jelly,Dion Gillard,1406.4384615384615,3939.984288001341,2.8013911704970784
org.apache:felix,Alex Karasulu,492.2875,1380.9342835377793,2.805137817916927
org.apache:archiva,Olivier Lamy,111.52298245614034,319.08020519906074,2.861116141011996
org.apache:collections,Stephen Colebourne,428.90236842105264,1230.6652580734465,2.869336587261054
org.apache:archiva,Joakim Erdfelt,204.85149253731342,592.1003919311415,2.890388469214064
org.apache:net,Niall Pemberton,1055.0657894736842,3074.187764605141,2.9137403518113207
org.apache:bcel,Sebastian Bazley,5161.096666666667,15226.807068731614,2.950304567452708
org.apache:hive,Owen O'Malley,3137.2794444444444,9408.646175160924,2.998982507542303
org.apache:commons-cli,John Keyes,1777.0356250000002,6072.534483164855,3.417227205653153
org.apache:digester,Simone Tripodi,199.15114285714284,804.6966650380209,4.040632925793724
org.apache:httpcore,Oleg Kalnichevski,552.9945595854922,3073.2956019727653,5.557551242956918
